spot_name,href,full_url,spot_type,lat,lng,county,id
Tijuana Sloughs,/breaks/Tijuana-Sloughs,https://www.surf-forecast.com/breaks/Tijuana-Sloughs,River,32.5538,-117.1406,San Diego County,5842041f4e65fad6a77088cb
Klamath Rivermouth,/breaks/Klamath-Rivermouth,https://www.surf-forecast.com/breaks/Klamath-Rivermouth,River,41.5477,-124.0947,Del Norte County,640a3fb399dd4470f5033737
South Beach,/breaks/South-Beach,https://www.surf-forecast.com/breaks/South-Beach,Sandbar,41.7426,-124.1723,Del Norte County,5842041f4e65fad6a7708ac1
Redwood Creek,/breaks/Redwood-Creek,https://www.surf-forecast.com/breaks/Redwood-Creek,River,41.291,-124.093,Humboldt County,5842041f4e65fad6a770882e
Bunkers,/breaks/Bunkers_1,https://www.surf-forecast.com/breaks/Bunkers_1,Beach,40.772,-124.2295,Humboldt County,640b9a239b6fab6ce22fbbd9
Little River Clam Beach,/breaks/Little-River-Clam-Beach,https://www.surf-forecast.com/breaks/Little-River-Clam-Beach,Beach,41.0144,-124.1271,Humboldt County,640a3fa8b6d76910e551387d
Camel Rock,/breaks/Camel-Rock,https://www.surf-forecast.com/breaks/Camel-Rock,Sandbar,41.0491,-124.1281,Humboldt County,584204204e65fad6a7709454
Little River State Beach,/breaks/Little-River-State-Beach,https://www.surf-forecast.com/breaks/Little-River-State-Beach,Beach,40.995,-124.1174,Humboldt County,640a3fa8b6d76910e551387d
South Jetty Table Bluff,/breaks/South-Jetty-Table-Bluff,https://www.surf-forecast.com/breaks/South-Jetty-Table-Bluff,Beach,40.7593,-124.2484,Humboldt County,5842041f4e65fad6a7708a7b
Cape Mendocino,/breaks/Cape-Mendocino,https://www.surf-forecast.com/breaks/Cape-Mendocino,Beach,40.4174,-124.3993,Humboldt County,43ec27a8-cecc-11eb-9d18-024238d3b313
Mad River Beach,/breaks/Mad-River-Beach,https://www.surf-forecast.com/breaks/Mad-River-Beach,Beach,40.9094,-124.1475,Humboldt County,5842041f4e65fad6a77089bb
Stone Lagoon,/breaks/Stone-Lagoon,https://www.surf-forecast.com/breaks/Stone-Lagoon,Beach,41.2564,-124.1131,Humboldt County,640b8ffbde81d528590b1346
Centreville Beach,/breaks/Centreville-Beach,https://www.surf-forecast.com/breaks/Centreville-Beach,Beach,40.5987,-124.3408,Humboldt County,5842041f4e65fad6a77088d7
Moonstone Beach,/breaks/Moonstone-Beach,https://www.surf-forecast.com/breaks/Moonstone-Beach,Beach,41.0332,-124.1168,Humboldt County,640a3faab6d7692d595138e8
Dry Lagoon,/breaks/Dry-Lagoon,https://www.surf-forecast.com/breaks/Dry-Lagoon,Beach,41.2274,-124.1201,Humboldt County,5842041f4e65fad6a7708ec5
North Jetty at Eureka,/breaks/North-Jettyat-Eureka,https://www.surf-forecast.com/breaks/North-Jettyat-Eureka,Beach/jetty,40.7686,-124.235,Humboldt County,5842041f4e65fad6a77089bc
Gold Bluffs Beach,/breaks/Gold-Bluffs-Beach,https://www.surf-forecast.com/breaks/Gold-Bluffs-Beach,Beach,41.4074,-124.0656,Humboldt County,640a3fb0b6d76903b8513a73
Santa Monica Ocean Park,/breaks/Ocean-Park-Santa-Monica,https://www.surf-forecast.com/breaks/Ocean-Park-Santa-Monica,Beach,33.999,-118.487,Los Angeles County,5af21e4c8a1a07001a4531dc
Santa Monica Pier,/breaks/Santa-Monic-Pier,https://www.surf-forecast.com/breaks/Santa-Monic-Pier,Beach,34.0086,-118.5005,Los Angeles County,5842041f4e65fad6a77088f7
Santa Monica Samo 20,/breaks/Santa-Monica-Samo-20,https://www.surf-forecast.com/breaks/Santa-Monica-Samo-20,Beach,34.005,-118.492,Los Angeles County,5842041f4e65fad6a77088f7
Ballona Creek and Jetty,/breaks/Ballona-Creek-and-Jetty,https://www.surf-forecast.com/breaks/Ballona-Creek-and-Jetty,Beach/jetty,33.9564,-118.454,Los Angeles County,5842041f4e65fad6a77088ee
Sapphire Street,/breaks/Sapphire-Street,https://www.surf-forecast.com/breaks/Sapphire-Street,Beach/jetty,33.8237,-118.3932,Los Angeles County,584204214e65fad6a7709d0b
Bay Street,/breaks/Bay-Street,https://www.surf-forecast.com/breaks/Bay-Street,Beach,34.0026,-118.489,Los Angeles County,5d6562fdca83aa00012b47af
Burnout,/breaks/Burnout,https://www.surf-forecast.com/breaks/Burnout,Beach,33.816,-118.392,Los Angeles County,61c372b6277a93e7f718ba8c
Manhattan 26th street,/breaks/Manhattan-26th-street,https://www.surf-forecast.com/breaks/Manhattan-26th-street,Beach,33.884,-118.412,Los Angeles County,5842041f4e65fad6a770898a
Manhattan Beach and Pier,/breaks/Manhattan-Beach-Pier,https://www.surf-forecast.com/breaks/Manhattan-Beach-Pier,Beach,33.8923,-118.4199,Los Angeles County,5842041f4e65fad6a7708907
Topaz Street,/breaks/Topaz-Street,https://www.surf-forecast.com/breaks/Topaz-Street,Beach/jetty,33.8329,-118.3932,Los Angeles County,584204214e65fad6a7709d0b
D and W,/breaks/D-and-W,https://www.surf-forecast.com/breaks/D-and-W,Beach/jetty,33.9428,-118.445,Los Angeles County,5842041f4e65fad6a77088d7
New Jetty,/breaks/New-Jetty,https://www.surf-forecast.com/breaks/New-Jetty,Beach/jetty,33.9169,-118.4297,Los Angeles County,5842041f4e65fad6a7708e54
Torrance Beach/Burn Out,/breaks/Torrance-Beach,https://www.surf-forecast.com/breaks/Torrance-Beach,Beach,33.8116,-118.395,Los Angeles County,61c372b6277a93e7f718ba8c
Dockweiler Beach,/breaks/Dockweiler-Beach,https://www.surf-forecast.com/breaks/Dockweiler-Beach,Beach,33.93,-118.437,Los Angeles County,5842041f4e65fad6a77088ff
El Porto Beach,/breaks/El-Porto-Beach,https://www.surf-forecast.com/breaks/El-Porto-Beach,Beach,33.9075,-118.4268,Los Angeles County,5842041f4e65fad6a7708906
Venice Pier,/breaks/Venice-Pier,https://www.surf-forecast.com/breaks/Venice-Pier,Sandbar,33.978,-118.469,Los Angeles County,5accf279bd428f001ad70a34
Westward Beach/Point Dume,/breaks/Westward-Beach-Point-Dume,https://www.surf-forecast.com/breaks/Westward-Beach-Point-Dume,Beach,34.0066,-118.8171,Los Angeles County,5842041f4e65fad6a7708936
Zuma Beach,/breaks/Zuma-Beach,https://www.surf-forecast.com/breaks/Zuma-Beach,Beach,34.0257,-118.8413,Los Angeles County,5afb6566bb6fd9001a250fbb
Hermosa Beach and Pier,/breaks/Hermosa-Beach-Pier,https://www.surf-forecast.com/breaks/Hermosa-Beach-Pier,Beach,33.8619,-118.4054,Los Angeles County,5842041f4e65fad6a7708904
Santa Monica Jetties,/breaks/Santa-Monica-Jetties,https://www.surf-forecast.com/breaks/Santa-Monica-Jetties,Beach,34.0369,-118.5465,Los Angeles County,5842041f4e65fad6a77088f7
Bolinas Jetty,/breaks/Bolinas,https://www.surf-forecast.com/breaks/Bolinas,Beach/jetty,37.8987,-122.6986,Marin County,5842041f4e65fad6a77089c2
Fort Cronkite Rodeo Beach,/breaks/Fort-Cronkite-Rodeo-Beach,https://www.surf-forecast.com/breaks/Fort-Cronkite-Rodeo-Beach,Sandbar,37.831,-122.54,Marin County,5842041f4e65fad6a77089bf
Shark Pit,/breaks/Shark-Pit_1,https://www.surf-forecast.com/breaks/Shark-Pit_1,Beach,38.2402,-122.9756,Marin County,5842041f4e65fad6a77088ed
Dillon Beach,/breaks/Dillon-Beach,https://www.surf-forecast.com/breaks/Dillon-Beach,Sandbar,38.2445,-122.9726,Marin County,584204204e65fad6a770938c
Stinson Beach,/breaks/Stinson-Beach,https://www.surf-forecast.com/breaks/Stinson-Beach,Beach,37.8978,-122.6477,Marin County,5842041f4e65fad6a77089c1
Drakes Bay,/breaks/Drakes-Bay-1,https://www.surf-forecast.com/breaks/Drakes-Bay-1,Sandbar,38.031,-122.934,Marin County,640a2d6999dd4496c8fe8cfb
Ocean Beach,/breaks/Ocean-Beach,https://www.surf-forecast.com/breaks/Ocean-Beach,Beach,37.7303,-122.5101,San Francisco County,5842041f4e65fad6a770883f
Point Reyes Beach,/breaks/Point-Reyes-Beach,https://www.surf-forecast.com/breaks/Point-Reyes-Beach,Beach,38.0658,-122.9836,Marin County,623f2558-cecd-11eb-8ee7-024238d3b313
Big River,/breaks/Big-River-1,https://www.surf-forecast.com/breaks/Big-River-1,River,39.2956,-123.8063,Mendocino County,5842041f4e65fad6a7708bb4
Seaside Creek,/breaks/Seaside-Creek,https://www.surf-forecast.com/breaks/Seaside-Creek,Beach,39.5652,-123.7726,Mendocino County,5842041f4e65fad6a77088b3
Caspar Creek,/breaks/Casper-Creek,https://www.surf-forecast.com/breaks/Casper-Creek,Beach,39.3627,-123.8218,Mendocino County,584204204e65fad6a770997d
Chadbourne Gulch,/breaks/Chadbourne-Gulch,https://www.surf-forecast.com/breaks/Chadbourne-Gulch,Beach,39.6084,-123.7882,Mendocino County,5842041f4e65fad6a7708b3f
Navarro Rivermouth,/breaks/Navarro-Rivermouth,https://www.surf-forecast.com/breaks/Navarro-Rivermouth,River,39.1881,-123.7604,Mendocino County,640a5e3e99dd447a5f0aa39a
Virgin Creek,/breaks/Virgin-Creek,https://www.surf-forecast.com/breaks/Virgin-Creek,Beach,39.4719,-123.8079,Mendocino County,640a3f9b99dd443c370330cb
De Haven Creek,/breaks/De-Haven-Creek,https://www.surf-forecast.com/breaks/De-Haven-Creek,Beach,39.6538,-123.7894,Mendocino County,640a3fa24eb3751e36945dff
Ward Avenue,/breaks/Ward-Avenue,https://www.surf-forecast.com/breaks/Ward-Avenue,Beach,39.5077,-123.7882,Mendocino County,603d4e813115d67fd060bc82
Gualala Rivermouth,/breaks/Gualala-Rivermouth,https://www.surf-forecast.com/breaks/Gualala-Rivermouth,River,38.8317,-123.6406,Mendocino County,5842041f4e65fad6a77089c7
Sand Dollar Beach,/breaks/Sand-Dollar-Beach,https://www.surf-forecast.com/breaks/Sand-Dollar-Beach,Beach,35.9242,-121.4706,Monterey County,5842041f4e65fad6a7708bb1
Spanish Bay-Cobblestones,/breaks/Spanish-Bay-Cobblestones,https://www.surf-forecast.com/breaks/Spanish-Bay-Cobblestones,Beach,36.6177,-121.9456,Monterey County,640a68674eb37526c79e2a75
Carmel Beach,/breaks/Carmel-Beach,https://www.surf-forecast.com/breaks/Carmel-Beach,Sandbar,36.5533,-121.932,Monterey County,5842041f4e65fad6a7708bb3
Marina,/breaks/Marina-1,https://www.surf-forecast.com/breaks/Marina-1,Beach,36.7024,-121.8204,Monterey County,5842041f4e65fad6a7708941
Del Monte Beach,/breaks/Del-Monte-Beach,https://www.surf-forecast.com/breaks/Del-Monte-Beach,Sandbar,36.603,-121.8827,Monterey County,584204214e65fad6a7709d1f
Marina State Beach,/breaks/Marina-State-Beach,https://www.surf-forecast.com/breaks/Marina-State-Beach,Beach,36.7472,-121.8092,Monterey County,5842041f4e65fad6a7708941
Spanish Bay-South Moss,/breaks/Spanish-Bay-South-Moss,https://www.surf-forecast.com/breaks/Spanish-Bay-South-Moss,Beach,36.6151,-121.9485,Monterey County,5842041f4e65fad6a7708bbf
Moss Landing,/breaks/Moss-Landing,https://www.surf-forecast.com/breaks/Moss-Landing,Beach,36.8146,-121.7941,Monterey County,5842041f4e65fad6a7708bbf
Garrapata,/breaks/Garrapata,https://www.surf-forecast.com/breaks/Garrapata,Beach,36.4254,-121.9294,Monterey County,5842041f4e65fad6a7708bb4
Salinas River State Beach,/breaks/Salinas-River-State-Beach,https://www.surf-forecast.com/breaks/Salinas-River-State-Beach,Beach,36.8018,-121.7927,Monterey County,640a43cd606c459a04b1ac93
Zmudowski State Beach,/breaks/Zmudowski-State-Beach,https://www.surf-forecast.com/breaks/Zmudowski-State-Beach,Beach,36.8213,-121.7976,Monterey County,584204204e65fad6a770998c
13th Street,/breaks/Thirteenth-Street,https://www.surf-forecast.com/breaks/Thirteenth-Street,Beach,33.7239,-118.0824,Orange County,5842041f4e65fad6a77089fd
Huntington Cliffs,/breaks/Huntington-Cliffs,https://www.surf-forecast.com/breaks/Huntington-Cliffs,Beach,33.683,-118.0372,Orange County,640a3f7c606c45fdf1b09880
204,/breaks/Twohundredandfour,https://www.surf-forecast.com/breaks/Twohundredandfour,Beach,33.4419,-117.6531,Orange County,640a3f744eb37520719451b8
Huntington Pier,/breaks/Huntington-Pier,https://www.surf-forecast.com/breaks/Huntington-Pier,Beach,33.6705,-118.0224,Orange County,5842041f4e65fad6a7708827
San Clemente Pier,/breaks/San-Clemente-Pier,https://www.surf-forecast.com/breaks/San-Clemente-Pier,Beach,33.4249,-117.6323,Orange County,5cc8b55739a02e0001ac69f8
San Clemente State Park,/breaks/San-Clemente-State-Park,https://www.surf-forecast.com/breaks/San-Clemente-State-Park,Beach,33.4005,-117.608,Orange County,5842041f4e65fad6a77088cf
56th St,/breaks/Fifty-sixth-St,https://www.surf-forecast.com/breaks/Fifty-sixth-St,Beach,33.623,-117.945,Orange County,5842041f4e65fad6a7708e54
Linda Lane Beach,/breaks/Linda-Lane-Beach,https://www.surf-forecast.com/breaks/Linda-Lane-Beach,Beach,33.423,-117.624,Orange County,5842041f4e65fad6a77088cf
San Onofre - Trails,/breaks/Trails-San-Onofre-State-Beach,https://www.surf-forecast.com/breaks/Trails-San-Onofre-State-Beach,Beach,33.3651,-117.5556,San Diego County,584204204e65fad6a77099d4
Anderson Street,/breaks/Anderson-Street,https://www.surf-forecast.com/breaks/Anderson-Street,Sandbar,33.723,-118.081,Orange County,5842041f4e65fad6a7708822
Middles,/breaks/Middles-4,https://www.surf-forecast.com/breaks/Middles-4,Sandbar,33.5936,-117.9172,Orange County,5842041f4e65fad6a7708886
Santa Ana River Jetties,/breaks/Santa-Ana-River-Jetties,https://www.surf-forecast.com/breaks/Santa-Ana-River-Jetties,River,33.6461,-117.9908,Orange County,5842041f4e65fad6a77088ee
Newport 15th Street,/breaks/Newport-15th-Street,https://www.surf-forecast.com/breaks/Newport-15th-Street,Sandbar,33.604,-117.919,Orange County,5842041f4e65fad6a7708bfe
Sunset Beach,/breaks/Sunset-Beach-Usa-North-OC,https://www.surf-forecast.com/breaks/Sunset-Beach-Usa-North-OC,Sandbar,33.715,-118.07,Orange County,584204214e65fad6a7709b9e
Bolsa Chica,/breaks/Bolsa-Chica,https://www.surf-forecast.com/breaks/Bolsa-Chica,Beach,33.7049,-118.0603,Orange County,5842041f4e65fad6a77088e8
Surfside Jetty,/breaks/Surfside-Jetty,https://www.surf-forecast.com/breaks/Surfside-Jetty,Beach,33.7188,-118.0765,Orange County,5842041f4e65fad6a7708889
Riviera,/breaks/Riviera-1,https://www.surf-forecast.com/breaks/Riviera-1,Beach,33.406,-117.608,Orange County,6418e463e072f80f6e032dd4
Huntington Beach,/breaks/Huntington-Beach,https://www.surf-forecast.com/breaks/Huntington-Beach,Beach,33.6548,-118.0033,Orange County,5842041f4e65fad6a7708827
Salt Creek Middles,/breaks/Salt-Creek-Middles,https://www.surf-forecast.com/breaks/Salt-Creek-Middles,Beach,33.475,-117.724,Orange County,5842041f4e65fad6a770882e
Georges,/breaks/Georges,https://www.surf-forecast.com/breaks/Georges,Beach,33.0448,-117.3004,San Diego County,584204214e65fad6a7709d1a
Ponto,/breaks/Ponto,https://www.surf-forecast.com/breaks/Ponto,River,33.1448,-117.3454,San Diego County,5842041f4e65fad6a77088a5
Blacks Beach,/breaks/Blacks-Beach,https://www.surf-forecast.com/breaks/Blacks-Beach,Beach,32.9142,-117.2598,San Diego County,5842041f4e65fad6a770883b
Imperial Beach,/breaks/Imperial-Beach,https://www.surf-forecast.com/breaks/Imperial-Beach,Beach,32.5882,-117.1333,San Diego County,5842041f4e65fad6a7708844
Santa Clara Court,/breaks/Santa-Clara-Court,https://www.surf-forecast.com/breaks/Santa-Clara-Court,Sandbar,32.782,-117.256,San Diego County,584204204e65fad6a77099e0
Camp Pendelton,/breaks/Camp-Pendelton,https://www.surf-forecast.com/breaks/Camp-Pendelton,Beach,33.216,-117.406,San Diego County,5842041f4e65fad6a7708a22
Imperial Pier (North and South),/breaks/Imperial-Pier,https://www.surf-forecast.com/breaks/Imperial-Pier,Beach,32.5799,-117.1343,San Diego County,5842041f4e65fad6a7708844
Scripps Pier,/breaks/Scripps-Pier,https://www.surf-forecast.com/breaks/Scripps-Pier,Beach,32.8735,-117.2546,San Diego County,5842041f4e65fad6a7708839
Carlsbad City Beach,/breaks/Carlsbad-City-Beach,https://www.surf-forecast.com/breaks/Carlsbad-City-Beach,Beach,33.224,-117.4121,San Diego County,5bfdced06871990001fd9ff2
La Jolla Shores,/breaks/La-Jolla-Shores,https://www.surf-forecast.com/breaks/La-Jolla-Shores,Beach,32.859,-117.258,San Diego County,5842041f4e65fad6a77088cc
Cherry Hill,/breaks/Cherry-Hill-2,https://www.surf-forecast.com/breaks/Cherry-Hill-2,Beach,32.982,-117.274,San Diego County,584204204e65fad6a7709abe
Law Street,/breaks/Law-Street,https://www.surf-forecast.com/breaks/Law-Street,Beach,32.801,-117.261,San Diego County,5842041f4e65fad6a7708841
Coronado Beaches,/breaks/Coronado-Beaches,https://www.surf-forecast.com/breaks/Coronado-Beaches,Beach,32.6853,-117.1894,San Diego County,5842041f4e65fad6a77088ce
Crystal Pier and Pacific Beach,/breaks/Crystal-Pier-and-Pacific-Beach,https://www.surf-forecast.com/breaks/Crystal-Pier-and-Pacific-Beach,Beach,32.8016,-117.2606,San Diego County,5842041f4e65fad6a7708841
South Jetty and Dog Beach,/breaks/South-Jetty-and-Dog-Beach,https://www.surf-forecast.com/breaks/South-Jetty-and-Dog-Beach,Beach,32.765,-117.2536,San Diego County,5842041f4e65fad6a7708a7b
D Street,/breaks/D-Street,https://www.surf-forecast.com/breaks/D-Street,Sandbar,33.0819,-117.3154,San Diego County,5842041f4e65fad6a77088b7
Moonlight Beach,/breaks/Moonlight-Beach,https://www.surf-forecast.com/breaks/Moonlight-Beach,Beach,33.0882,-117.3172,San Diego County,5842041f4e65fad6a77088a3
Del Mar Beach,/breaks/Del-Mar-Beach,https://www.surf-forecast.com/breaks/Del-Mar-Beach,Beach,33.0025,-117.2814,San Diego County,5842041f4e65fad6a77088af
North Scripps,/breaks/North-Scripps,https://www.surf-forecast.com/breaks/North-Scripps,Beach,32.8714,-117.2649,San Diego County,5842041f4e65fad6a7708839
North Torrey Pines,/breaks/North-Torrey-Pines,https://www.surf-forecast.com/breaks/North-Torrey-Pines,Beach,32.936,-117.263,San Diego County,584204204e65fad6a7709994
Del Mar Rivermouth,/breaks/Del-Mar-Rivermouth,https://www.surf-forecast.com/breaks/Del-Mar-Rivermouth,River,33.0109,-117.2934,San Diego County,5842041f4e65fad6a77088b0
Ocean Beach Jetty,/breaks/OB-Jetty,https://www.surf-forecast.com/breaks/OB-Jetty,Beach/jetty,32.7561,-117.2559,San Diego County,5842041f4e65fad6a770883f
Diamond Street,/breaks/Diamond-Street,https://www.surf-forecast.com/breaks/Diamond-Street,Beach,32.799,-117.26,San Diego County,5842041f4e65fad6a7708a07
Oceanside Beach,/breaks/Oceanside-Beach,https://www.surf-forecast.com/breaks/Oceanside-Beach,Beach,33.2443,-117.4299,San Diego County,5842041f4e65fad6a7708835
Dutches A Frame,/breaks/Dutches-A-Frame,https://www.surf-forecast.com/breaks/Dutches-A-Frame,Sandbar,33.166,-117.361,San Diego County,640a64de606c45306ab99e4c
Oceanside Harbor,/breaks/Oceanside-Harbor,https://www.surf-forecast.com/breaks/Oceanside-Harbor,Beach/jetty,33.2563,-117.4374,San Diego County,5842041f4e65fad6a7708832
Torrey Pines State Beach,/breaks/Torrey-Pines-State-Beach,https://www.surf-forecast.com/breaks/Torrey-Pines-State-Beach,Beach,32.9604,-117.2711,San Diego County,584204204e65fad6a7709994
El Carmel Point,/breaks/El-Carmel-Point,https://www.surf-forecast.com/breaks/El-Carmel-Point,Beach,32.778,-117.2637,San Diego County,5842041f4e65fad6a7708bb3
Oceanside Pier,/breaks/Oceanside-Pier,https://www.surf-forecast.com/breaks/Oceanside-Pier,Beach,33.193,-117.388,San Diego County,5842041f4e65fad6a7708835
Pacific Beach Pier,/breaks/PB-Pier,https://www.surf-forecast.com/breaks/PB-Pier,Beach,32.7962,-117.2584,San Diego County,5842041f4e65fad6a7708841
Turtles,/breaks/Turtles-4,https://www.surf-forecast.com/breaks/Turtles-4,Beach,33.022,-117.288,San Diego County,5842041f4e65fad6a7708b14
Moonstone,/breaks/Moonstone,https://www.surf-forecast.com/breaks/Moonstone,Beach,35.569,-121.112,San Luis Obispo County,5842041f4e65fad6a770899c
San Carpoforo Creek,/breaks/San-Carpoforo-Creek,https://www.surf-forecast.com/breaks/San-Carpoforo-Creek,Beach,35.7638,-121.3274,San Luis Obispo County,5842041f4e65fad6a7708bb1
Avila Beach,/breaks/Avila-Beach,https://www.surf-forecast.com/breaks/Avila-Beach,Beach,35.1779,-120.7332,San Luis Obispo County,5842041f4e65fad6a77089ab
Morro Bay,/breaks/Morro-Bay,https://www.surf-forecast.com/breaks/Morro-Bay,Beach,35.372,-120.868,San Luis Obispo County,5842041f4e65fad6a770880a
Morro Rock,/breaks/Morro-Rock,https://www.surf-forecast.com/breaks/Morro-Rock,Beach,35.3892,-120.8656,San Luis Obispo County,5842041f4e65fad6a770880a
Sand spit,/breaks/Sand-spit_2,https://www.surf-forecast.com/breaks/Sand-spit_2,Sandbar,35.304,-120.877,San Luis Obispo County,5842041f4e65fad6a7708966
Cayucos Pier,/breaks/Cayucos-Pier,https://www.surf-forecast.com/breaks/Cayucos-Pier,Sandbar,35.4483,-120.9104,San Luis Obispo County,5842041f4e65fad6a77089a2
Santa Rosa Creek,/breaks/Santa-Rosa-Creek-Moonstone,https://www.surf-forecast.com/breaks/Santa-Rosa-Creek-Moonstone,Beach,35.5702,-121.1133,San Luis Obispo County,5842041f4e65fad6a770899e
Oceano,/breaks/Oceano,https://www.surf-forecast.com/breaks/Oceano,Beach,35.1115,-120.6341,San Luis Obispo County,5a1c9be49caa98001b09d0e1
Pismo Beach Pier,/breaks/Pismo-Beach-Pier,https://www.surf-forecast.com/breaks/Pismo-Beach-Pier,Beach,35.136,-120.6436,San Luis Obispo County,5842041f4e65fad6a77089ac
Lighthouse,/breaks/Lighthouse-Cadis,https://www.surf-forecast.com/breaks/Lighthouse-Cadis,Beach,35.6675,-121.2866,San Luis Obispo County,640f375d6d5eccd7595b07ae
Linda Mar,/breaks/Linda-Mar-1,https://www.surf-forecast.com/breaks/Linda-Mar-1,Beach,37.598,-122.503,San Mateo County,5842041f4e65fad6a7708976
Pomponio State Beach,/breaks/Pomponio-State-Beach,https://www.surf-forecast.com/breaks/Pomponio-State-Beach,Beach,37.2927,-122.4093,San Mateo County,5842041f4e65fad6a770897d
Princeton Breakwater,/breaks/Princeton-Breakwater,https://www.surf-forecast.com/breaks/Princeton-Breakwater,Beach/jetty,37.501,-122.4783,San Mateo County,5842041f4e65fad6a7708970
Francis Beach,/breaks/Francis-Beach,https://www.surf-forecast.com/breaks/Francis-Beach,Beach,37.4462,-122.4444,San Mateo County,5842041f4e65fad6a7708d0c
Montara,/breaks/Montara,https://www.surf-forecast.com/breaks/Montara,Sandbar,37.5434,-122.5188,San Mateo County,5842041f4e65fad6a7708974
Gazos Creek,/breaks/Gazos-Creek,https://www.surf-forecast.com/breaks/Gazos-Creek,Beach,37.1625,-122.3627,San Mateo County,61c3a7a1277a933173241ebb
San Gregorio State Beach,/breaks/San-Gregorio-State-Beach,https://www.surf-forecast.com/breaks/San-Gregorio-State-Beach,Beach,37.3279,-122.4044,San Mateo County,584204204e65fad6a7709220
Gray Whale Cove,/breaks/Gray-Whale-Cove,https://www.surf-forecast.com/breaks/Gray-Whale-Cove,Beach,37.565,-122.515,San Mateo County,5842041f4e65fad6a7708ec5
Jalama,/breaks/Jalama,https://www.surf-forecast.com/breaks/Jalama,Beach,34.5109,-120.504,Santa Barbara County,5842041f4e65fad6a7708991
Santa Clause,/breaks/Santa-Clause,https://www.surf-forecast.com/breaks/Santa-Clause,Beach,34.408,-119.552,Santa Barbara County,5db1cecf50b56600012feb6f
Santa Maria Rivermouth,/breaks/Santa-Maria-Rivermouth-Guadalupe-Beach,https://www.surf-forecast.com/breaks/Santa-Maria-Rivermouth-Guadalupe-Beach,Beach,34.9467,-120.6602,Santa Barbara County,640b8aae8284fe61a5ad0664
Main Street,/breaks/Main-Street,https://www.surf-forecast.com/breaks/Main-Street,Sandbar,34.966,-120.655,Santa Barbara County,5842041f4e65fad6a7708e54
Surf Beach,/breaks/Surf-Beach_1,https://www.surf-forecast.com/breaks/Surf-Beach_1,Beach,34.6753,-120.6118,Santa Barbara County,5842041f4e65fad6a7708996
Pescaderos,/breaks/Pescaderos,https://www.surf-forecast.com/breaks/Pescaderos,Beach,34.4075,-119.8595,Santa Barbara County,5842041f4e65fad6a770897d
Beer Can Beach,/breaks/Beer-Can-Beach,https://www.surf-forecast.com/breaks/Beer-Can-Beach,Beach,36.9701,-121.9542,Santa Cruz County,613b99af6a25625a8eccc524
Capitola Rivermouth,/breaks/Capitola-Rivermouth,https://www.surf-forecast.com/breaks/Capitola-Rivermouth,Beach/jetty,36.971,-121.948,Santa Cruz County,5842041f4e65fad6a7708ddf
Santa Cruz - 26th,/breaks/Santa-Cruz-26th,https://www.surf-forecast.com/breaks/Santa-Cruz-26th,Beach,36.956,-121.981,Santa Cruz County,5842041f4e65fad6a770898a
Sunset State Beach,/breaks/Sunset-State-Beach,https://www.surf-forecast.com/breaks/Sunset-State-Beach,Beach,36.8974,-121.8422,Santa Cruz County,584204214e65fad6a7709b9e
Santa Cruz Harbour,/breaks/Santa-Cruz-Harbour,https://www.surf-forecast.com/breaks/Santa-Cruz-Harbour,Beach/jetty,36.9618,-121.9997,Santa Cruz County,584204204e65fad6a77099d9
Laguna Creek,/breaks/Laguna-Creek,https://www.surf-forecast.com/breaks/Laguna-Creek,Beach,37.0299,-122.2282,Santa Cruz County,5842041f4e65fad6a7708ec5
The Rivermouth,/breaks/The-Rivermouth,https://www.surf-forecast.com/breaks/The-Rivermouth,Sandbar,36.9634,-122.0151,Santa Cruz County,5842041f4e65fad6a77088b0
Manresa State Beach,/breaks/Manresa-State-Beach,https://www.surf-forecast.com/breaks/Manresa-State-Beach,Beach,36.9353,-121.8682,Santa Cruz County,5842041f4e65fad6a770898e
Black Point Beach,/breaks/Black-Point-Beach,https://www.surf-forecast.com/breaks/Black-Point-Beach,Beach,38.8125,-123.6043,Mendocino County,5842041f4e65fad6a77089c9
Russian Rivermouth,/breaks/Russian-Rivermouth,https://www.surf-forecast.com/breaks/Russian-Rivermouth,River,38.4512,-123.1436,Sonoma County,5842041f4e65fad6a77089c7
Doran Beach,/breaks/Doran-Beach,https://www.surf-forecast.com/breaks/Doran-Beach,Beach,38.3097,-123.0291,Sonoma County,5842041f4e65fad6a77089c6
Salmon Creek,/breaks/Salmon-Creek,https://www.surf-forecast.com/breaks/Salmon-Creek,Beach,38.3518,-123.0707,Sonoma County,5842041f4e65fad6a77089c8
Mondos,/breaks/Mondos,https://www.surf-forecast.com/breaks/Mondos,Sandbar,34.321,-119.375,Ventura County,584204204e65fad6a770904d
San Buenaventura State Beach,/breaks/San-Buenaventura-State-Beach,https://www.surf-forecast.com/breaks/San-Buenaventura-State-Beach,Beach,34.2668,-119.2819,Ventura County,584204204e65fad6a77099d4
New Jetty/South Jetty,/breaks/New-Jetty-South-Jetty,https://www.surf-forecast.com/breaks/New-Jetty-South-Jetty,Beach,34.246,-119.271,Ventura County,5842041f4e65fad6a7708a7b
Santa Clara Rivermouth,/breaks/Santa-Clara-Rivermouth,https://www.surf-forecast.com/breaks/Santa-Clara-Rivermouth,Beach,34.2331,-119.2681,Ventura County,584204204e65fad6a77099e0
Ormond Beach,/breaks/Ormond-Beach,https://www.surf-forecast.com/breaks/Ormond-Beach,Beach/jetty,34.1343,-119.1859,Ventura County,5842041f4e65fad6a7708aa4
Silver Strand,/breaks/Silver-Strand,https://www.surf-forecast.com/breaks/Silver-Strand,Sandbar,34.1528,-119.2244,Ventura County,640a3f8845190582e79caafd
Oxnard Shores,/breaks/Oxnard-Shores,https://www.surf-forecast.com/breaks/Oxnard-Shores,Beach,34.2222,-119.264,Ventura County,5842041f4e65fad6a770894c
Point Mugu,/breaks/Point-Mugu,https://www.surf-forecast.com/breaks/Point-Mugu,Beach,34.096,-119.113,Ventura County,5842041f4e65fad6a7708813
Hollywood Beach,/breaks/Hollywood-Beach,https://www.surf-forecast.com/breaks/Hollywood-Beach,Beach,34.17,-119.234,Ventura County,a37cc93e-e3a5-11ed-8004-020f4c90c26f
Port Hueneme Beach Park,/breaks/Port-Hueneme-Beach-Park,https://www.surf-forecast.com/breaks/Port-Hueneme-Beach-Park,Beach/jetty,34.1463,-119.2192,Ventura County,640a3f864eb37520359456ff
La Conchita Beach,/breaks/La-Conchita-Beach,https://www.surf-forecast.com/breaks/La-Conchita-Beach,Beach,34.3718,-119.4606,Ventura County,640f356343c1fb298443006c